Apple,9.9
Banana,11.799999999999999
Orange,19.35
Milk,14.950000000000001
Bread,15.92
Eggs,41.88
